account_id,year,month,activity,quantity
A0001,2025,7,MobileLogin,16
A0001,2025,7,OnlinePayment,2
A0001,2025,7,InboundCall,0
A0001,2025,7,CaseResolution,0
A0001,2025,7,ATMWithdrawal,1
A0001,2025,8,MobileLogin,7
A0001,2025,8,OnlinePayment,2
A0001,2025,8,InboundCall,0
A0001,2025,8,CaseResolution,0
A0001,2025,8,ATMWithdrawal,0
A0002,2025,8,MobileLogin,17
A0002,2025,8,OnlinePayment,4
A0002,2025,8,InboundCall,0
A0002,2025,8,CaseResolution,0
A0002,2025,8,ATMWithdrawal,0
A0002,2025,9,MobileLogin,11
A0002,2025,9,OnlinePayment,7
A0002,2025,9,InboundCall,2
A0002,2025,9,CaseResolution,0
A0002,2025,9,ATMWithdrawal,0
A0002,2025,10,MobileLogin,9
A0002,2025,10,OnlinePayment,0
A0002,2025,10,InboundCall,1
A0002,2025,10,CaseResolution,0
A0002,2025,10,ATMWithdrawal,0
A0003,2025,10,MobileLogin,35
A0003,2025,10,OnlinePayment,16
A0003,2025,10,InboundCall,1
A0003,2025,10,CaseResolution,0
A0003,2025,10,ATMWithdrawal,0
A0004,2025,8,MobileLogin,19
A0004,2025,8,OnlinePayment,8
A0004,2025,8,InboundCall,2
A0004,2025,8,CaseResolution,0
A0004,2025,8,ATMWithdrawal,0
A0004,2025,9,MobileLogin,29
A0004,2025,9,OnlinePayment,6
A0004,2025,9,InboundCall,1
A0004,2025,9,CaseResolution,0
A0004,2025,9,ATMWithdrawal,0
A0004,2025,10,MobileLogin,26
A0004,2025,10,OnlinePayment,7
A0004,2025,10,InboundCall,0
A0004,2025,10,CaseResolution,0
A0004,2025,10,ATMWithdrawal,0
A0005,2025,8,MobileLogin,17
A0005,2025,8,OnlinePayment,8
A0005,2025,8,InboundCall,0
A0005,2025,8,CaseResolution,0
A0005,2025,8,ATMWithdrawal,4
A0005,2025,9,MobileLogin,21
A0005,2025,9,OnlinePayment,8
A0005,2025,9,InboundCall,0
A0005,2025,9,CaseResolution,0
A0005,2025,9,ATMWithdrawal,5
A0005,2025,10,MobileLogin,24
A0005,2025,10,OnlinePayment,7
A0005,2025,10,InboundCall,0
A0005,2025,10,CaseResolution,0
A0005,2025,10,ATMWithdrawal,2
A0006,2025,10,MobileLogin,8
A0006,2025,10,OnlinePayment,3
A0006,2025,10,InboundCall,0
A0006,2025,10,CaseResolution,0
A0006,2025,10,ATMWithdrawal,1
A0007,2025,7,MobileLogin,11
A0007,2025,7,OnlinePayment,3
A0007,2025,7,InboundCall,0
A0007,2025,7,CaseResolution,0
A0007,2025,7,ATMWithdrawal,0
A0007,2025,8,MobileLogin,11
A0007,2025,8,OnlinePayment,2
A0007,2025,8,InboundCall,0
A0007,2025,8,CaseResolution,0
A0007,2025,8,ATMWithdrawal,1
A0008,2025,10,MobileLogin,21
A0008,2025,10,OnlinePayment,16
A0008,2025,10,InboundCall,0
A0008,2025,10,CaseResolution,1
A0008,2025,10,ATMWithdrawal,0
A0009,2025,10,MobileLogin,9
A0009,2025,10,OnlinePayment,6
A0009,2025,10,InboundCall,2
A0009,2025,10,CaseResolution,0
A0009,2025,10,ATMWithdrawal,0
A0010,2025,8,MobileLogin,1
A0010,2025,8,OnlinePayment,1
A0010,2025,8,InboundCall,2
A0010,2025,8,CaseResolution,0
A0010,2025,8,ATMWithdrawal,0
A0010,2025,9,MobileLogin,5
A0010,2025,9,OnlinePayment,2
A0010,2025,9,InboundCall,2
A0010,2025,9,CaseResolution,0
A0010,2025,9,ATMWithdrawal,0
A0010,2025,10,MobileLogin,8
A0010,2025,10,OnlinePayment,1
A0010,2025,10,InboundCall,2
A0010,2025,10,CaseResolution,0
A0010,2025,10,ATMWithdrawal,0
A0011,2025,9,MobileLogin,3
A0011,2025,9,OnlinePayment,4
A0011,2025,9,InboundCall,0
A0011,2025,9,CaseResolution,1
A0011,2025,9,ATMWithdrawal,0
A0012,2025,8,MobileLogin,4
A0012,2025,8,OnlinePayment,1
A0012,2025,8,InboundCall,0
A0012,2025,8,CaseResolution,1
A0012,2025,8,ATMWithdrawal,0
A0012,2025,9,MobileLogin,6
A0012,2025,9,OnlinePayment,1
A0012,2025,9,InboundCall,0
A0012,2025,9,CaseResolution,0
A0012,2025,9,ATMWithdrawal,1
A0012,2025,10,MobileLogin,4
A0012,2025,10,OnlinePayment,1
A0012,2025,10,InboundCall,1
A0012,2025,10,CaseResolution,0
A0012,2025,10,ATMWithdrawal,0
A0013,2025,10,MobileLogin,18
A0013,2025,10,OnlinePayment,4
A0013,2025,10,InboundCall,0
A0013,2025,10,CaseResolution,1
A0013,2025,10,ATMWithdrawal,0
A0014,2025,8,MobileLogin,4
A0014,2025,8,OnlinePayment,2
A0014,2025,8,InboundCall,4
A0014,2025,8,CaseResolution,0
A0014,2025,8,ATMWithdrawal,0
A0014,2025,9,MobileLogin,5
A0014,2025,9,OnlinePayment,1
A0014,2025,9,InboundCall,1
A0014,2025,9,CaseResolution,0
A0014,2025,9,ATMWithdrawal,0
A0014,2025,10,MobileLogin,6
A0014,2025,10,OnlinePayment,0
A0014,2025,10,InboundCall,0
A0014,2025,10,CaseResolution,0
A0014,2025,10,ATMWithdrawal,0
A0015,2025,9,MobileLogin,10
A0015,2025,9,OnlinePayment,5
A0015,2025,9,InboundCall,1
A0015,2025,9,CaseResolution,0
A0015,2025,9,ATMWithdrawal,0
A0015,2025,10,MobileLogin,8
A0015,2025,10,OnlinePayment,5
A0015,2025,10,InboundCall,0
A0015,2025,10,CaseResolution,2
A0015,2025,10,ATMWithdrawal,0
A0016,2025,9,MobileLogin,7
A0016,2025,9,OnlinePayment,1
A0016,2025,9,InboundCall,0
A0016,2025,9,CaseResolution,0
A0016,2025,9,ATMWithdrawal,0
A0016,2025,10,MobileLogin,11
A0016,2025,10,OnlinePayment,3
A0016,2025,10,InboundCall,0
A0016,2025,10,CaseResolution,0
A0016,2025,10,ATMWithdrawal,2
A0017,2025,7,MobileLogin,29
A0017,2025,7,OnlinePayment,13
A0017,2025,7,InboundCall,2
A0017,2025,7,CaseResolution,0
A0017,2025,7,ATMWithdrawal,8
A0018,2025,9,MobileLogin,17
A0018,2025,9,OnlinePayment,14
A0018,2025,9,InboundCall,1
A0018,2025,9,CaseResolution,0
A0018,2025,9,ATMWithdrawal,0
A0019,2025,8,MobileLogin,5
A0019,2025,8,OnlinePayment,0
A0019,2025,8,InboundCall,1
A0019,2025,8,CaseResolution,0
A0019,2025,8,ATMWithdrawal,0
A0019,2025,9,MobileLogin,6
A0019,2025,9,OnlinePayment,1
A0019,2025,9,InboundCall,0
A0019,2025,9,CaseResolution,0
A0019,2025,9,ATMWithdrawal,0
A0019,2025,10,MobileLogin,6
A0019,2025,10,OnlinePayment,1
A0019,2025,10,InboundCall,0
A0019,2025,10,CaseResolution,0
A0019,2025,10,ATMWithdrawal,0
A0020,2025,7,MobileLogin,3
A0020,2025,7,OnlinePayment,3
A0020,2025,7,InboundCall,1
A0020,2025,7,CaseResolution,0
A0020,2025,7,ATMWithdrawal,0
A0020,2025,8,MobileLogin,5
A0020,2025,8,OnlinePayment,1
A0020,2025,8,InboundCall,1
A0020,2025,8,CaseResolution,0
A0020,2025,8,ATMWithdrawal,0
A0020,2025,9,MobileLogin,5
A0020,2025,9,OnlinePayment,4
A0020,2025,9,InboundCall,0
A0020,2025,9,CaseResolution,1
A0020,2025,9,ATMWithdrawal,0
A0020,2025,10,MobileLogin,9
A0020,2025,10,OnlinePayment,1
A0020,2025,10,InboundCall,1
A0020,2025,10,CaseResolution,0
A0020,2025,10,ATMWithdrawal,0
A0021,2025,8,MobileLogin,7
A0021,2025,8,OnlinePayment,4
A0021,2025,8,InboundCall,0
A0021,2025,8,CaseResolution,0
A0021,2025,8,ATMWithdrawal,0
A0021,2025,9,MobileLogin,9
A0021,2025,9,OnlinePayment,10
A0021,2025,9,InboundCall,0
A0021,2025,9,CaseResolution,0
A0021,2025,9,ATMWithdrawal,0
A0021,2025,10,MobileLogin,8
A0021,2025,10,OnlinePayment,4
A0021,2025,10,InboundCall,0
A0021,2025,10,CaseResolution,0
A0021,2025,10,ATMWithdrawal,1
A0022,2025,7,MobileLogin,14
A0022,2025,7,OnlinePayment,0
A0022,2025,7,InboundCall,0
A0022,2025,7,CaseResolution,0
A0022,2025,7,ATMWithdrawal,2
A0022,2025,8,MobileLogin,8
A0022,2025,8,OnlinePayment,5
A0022,2025,8,InboundCall,0
A0022,2025,8,CaseResolution,0
A0022,2025,8,ATMWithdrawal,2
A0022,2025,9,MobileLogin,18
A0022,2025,9,OnlinePayment,4
A0022,2025,9,InboundCall,0
A0022,2025,9,CaseResolution,0
A0022,2025,9,ATMWithdrawal,1
A0022,2025,10,MobileLogin,16
A0022,2025,10,OnlinePayment,4
A0022,2025,10,InboundCall,0
A0022,2025,10,CaseResolution,0
A0022,2025,10,ATMWithdrawal,2
A0023,2025,10,MobileLogin,22
A0023,2025,10,OnlinePayment,4
A0023,2025,10,InboundCall,0
A0023,2025,10,CaseResolution,0
A0023,2025,10,ATMWithdrawal,4
A0024,2025,9,MobileLogin,37
A0024,2025,9,OnlinePayment,22
A0024,2025,9,InboundCall,1
A0024,2025,9,CaseResolution,0
A0024,2025,9,ATMWithdrawal,0
A0025,2025,9,MobileLogin,20
A0025,2025,9,OnlinePayment,16
A0025,2025,9,InboundCall,2
A0025,2025,9,CaseResolution,0
A0025,2025,9,ATMWithdrawal,2
A0025,2025,10,MobileLogin,30
A0025,2025,10,OnlinePayment,21
A0025,2025,10,InboundCall,0
A0025,2025,10,CaseResolution,0
A0025,2025,10,ATMWithdrawal,0
A0026,2025,7,MobileLogin,10
A0026,2025,7,OnlinePayment,5
A0026,2025,7,InboundCall,0
A0026,2025,7,CaseResolution,0
A0026,2025,7,ATMWithdrawal,0
A0027,2025,9,MobileLogin,38
A0027,2025,9,OnlinePayment,13
A0027,2025,9,InboundCall,0
A0027,2025,9,CaseResolution,0
A0027,2025,9,ATMWithdrawal,5
A0027,2025,10,MobileLogin,27
A0027,2025,10,OnlinePayment,4
A0027,2025,10,InboundCall,0
A0027,2025,10,CaseResolution,0
A0027,2025,10,ATMWithdrawal,5
A0028,2025,7,MobileLogin,4
A0028,2025,7,OnlinePayment,2
A0028,2025,7,InboundCall,0
A0028,2025,7,CaseResolution,0
A0028,2025,7,ATMWithdrawal,0
A0028,2025,8,MobileLogin,3
A0028,2025,8,OnlinePayment,0
A0028,2025,8,InboundCall,1
A0028,2025,8,CaseResolution,1
A0028,2025,8,ATMWithdrawal,0
A0028,2025,9,MobileLogin,4
A0028,2025,9,OnlinePayment,4
A0028,2025,9,InboundCall,0
A0028,2025,9,CaseResolution,2
A0028,2025,9,ATMWithdrawal,0
A0029,2025,9,MobileLogin,0
A0029,2025,9,OnlinePayment,1
A0029,2025,9,InboundCall,2
A0029,2025,9,CaseResolution,0
A0029,2025,9,ATMWithdrawal,0
A0029,2025,10,MobileLogin,8
A0029,2025,10,OnlinePayment,1
A0029,2025,10,InboundCall,1
A0029,2025,10,CaseResolution,0
A0029,2025,10,ATMWithdrawal,0
A0030,2025,7,MobileLogin,25
A0030,2025,7,OnlinePayment,13
A0030,2025,7,InboundCall,0
A0030,2025,7,CaseResolution,0
A0030,2025,7,ATMWithdrawal,7
A0030,2025,8,MobileLogin,30
A0030,2025,8,OnlinePayment,12
A0030,2025,8,InboundCall,0
A0030,2025,8,CaseResolution,0
A0030,2025,8,ATMWithdrawal,7
A0030,2025,9,MobileLogin,27
A0030,2025,9,OnlinePayment,8
A0030,2025,9,InboundCall,0
A0030,2025,9,CaseResolution,0
A0030,2025,9,ATMWithdrawal,3
A0030,2025,10,MobileLogin,18
A0030,2025,10,OnlinePayment,14
A0030,2025,10,InboundCall,0
A0030,2025,10,CaseResolution,0
A0030,2025,10,ATMWithdrawal,6
A0031,2025,7,MobileLogin,11
A0031,2025,7,OnlinePayment,3
A0031,2025,7,InboundCall,0
A0031,2025,7,CaseResolution,1
A0031,2025,7,ATMWithdrawal,0
A0031,2025,8,MobileLogin,3
A0031,2025,8,OnlinePayment,3
A0031,2025,8,InboundCall,0
A0031,2025,8,CaseResolution,0
A0031,2025,8,ATMWithdrawal,1
A0031,2025,9,MobileLogin,9
A0031,2025,9,OnlinePayment,3
A0031,2025,9,InboundCall,0
A0031,2025,9,CaseResolution,0
A0031,2025,9,ATMWithdrawal,2
A0031,2025,10,MobileLogin,12
A0031,2025,10,OnlinePayment,3
A0031,2025,10,InboundCall,0
A0031,2025,10,CaseResolution,0
A0031,2025,10,ATMWithdrawal,0
A0032,2025,8,MobileLogin,23
A0032,2025,8,OnlinePayment,23
A0032,2025,8,InboundCall,1
A0032,2025,8,CaseResolution,0
A0032,2025,8,ATMWithdrawal,0
A0032,2025,9,MobileLogin,22
A0032,2025,9,OnlinePayment,17
A0032,2025,9,InboundCall,0
A0032,2025,9,CaseResolution,1
A0032,2025,9,ATMWithdrawal,0
A0032,2025,10,MobileLogin,24
A0032,2025,10,OnlinePayment,15
A0032,2025,10,InboundCall,1
A0032,2025,10,CaseResolution,0
A0032,2025,10,ATMWithdrawal,1
A0033,2025,8,MobileLogin,7
A0033,2025,8,OnlinePayment,0
A0033,2025,8,InboundCall,0
A0033,2025,8,CaseResolution,0
A0033,2025,8,ATMWithdrawal,0
A0033,2025,9,MobileLogin,6
A0033,2025,9,OnlinePayment,1
A0033,2025,9,InboundCall,0
A0033,2025,9,CaseResolution,0
A0033,2025,9,ATMWithdrawal,0
A0034,2025,8,MobileLogin,9
A0034,2025,8,OnlinePayment,3
A0034,2025,8,InboundCall,0
A0034,2025,8,CaseResolution,0
A0034,2025,8,ATMWithdrawal,0
A0035,2025,8,MobileLogin,14
A0035,2025,8,OnlinePayment,5
A0035,2025,8,InboundCall,0
A0035,2025,8,CaseResolution,0
A0035,2025,8,ATMWithdrawal,3
A0035,2025,9,MobileLogin,13
A0035,2025,9,OnlinePayment,5
A0035,2025,9,InboundCall,0
A0035,2025,9,CaseResolution,0
A0035,2025,9,ATMWithdrawal,4
A0035,2025,10,MobileLogin,13
A0035,2025,10,OnlinePayment,6
A0035,2025,10,InboundCall,1
A0035,2025,10,CaseResolution,0
A0035,2025,10,ATMWithdrawal,2
A0036,2025,9,MobileLogin,21
A0036,2025,9,OnlinePayment,19
A0036,2025,9,InboundCall,2
A0036,2025,9,CaseResolution,0
A0036,2025,9,ATMWithdrawal,0
A0037,2025,8,MobileLogin,7
A0037,2025,8,OnlinePayment,7
A0037,2025,8,InboundCall,1
A0037,2025,8,CaseResolution,0
A0037,2025,8,ATMWithdrawal,0
A0038,2025,10,MobileLogin,13
A0038,2025,10,OnlinePayment,4
A0038,2025,10,InboundCall,0
A0038,2025,10,CaseResolution,0
A0038,2025,10,ATMWithdrawal,0
A0039,2025,7,MobileLogin,4
A0039,2025,7,OnlinePayment,0
A0039,2025,7,InboundCall,3
A0039,2025,7,CaseResolution,0
A0039,2025,7,ATMWithdrawal,0
A0039,2025,8,MobileLogin,4
A0039,2025,8,OnlinePayment,0
A0039,2025,8,InboundCall,1
A0039,2025,8,CaseResolution,0
A0039,2025,8,ATMWithdrawal,0
A0039,2025,9,MobileLogin,7
A0039,2025,9,OnlinePayment,2
A0039,2025,9,InboundCall,2
A0039,2025,9,CaseResolution,0
A0039,2025,9,ATMWithdrawal,0
A0039,2025,10,MobileLogin,9
A0039,2025,10,OnlinePayment,0
A0039,2025,10,InboundCall,1
A0039,2025,10,CaseResolution,1
A0039,2025,10,ATMWithdrawal,1
A0040,2025,7,MobileLogin,20
A0040,2025,7,OnlinePayment,21
A0040,2025,7,InboundCall,1
A0040,2025,7,CaseResolution,0
A0040,2025,7,ATMWithdrawal,0
A0040,2025,8,MobileLogin,22
A0040,2025,8,OnlinePayment,19
A0040,2025,8,InboundCall,0
A0040,2025,8,CaseResolution,0
A0040,2025,8,ATMWithdrawal,0
A0040,2025,9,MobileLogin,23
A0040,2025,9,OnlinePayment,9
A0040,2025,9,InboundCall,0
A0040,2025,9,CaseResolution,0
A0040,2025,9,ATMWithdrawal,1
A0040,2025,10,MobileLogin,28
A0040,2025,10,OnlinePayment,19
A0040,2025,10,InboundCall,0
A0040,2025,10,CaseResolution,0
A0040,2025,10,ATMWithdrawal,0
A0041,2025,7,MobileLogin,16
A0041,2025,7,OnlinePayment,8
A0041,2025,7,InboundCall,0
A0041,2025,7,CaseResolution,1
A0041,2025,7,ATMWithdrawal,4
A0041,2025,8,MobileLogin,25
A0041,2025,8,OnlinePayment,9
A0041,2025,8,InboundCall,1
A0041,2025,8,CaseResolution,0
A0041,2025,8,ATMWithdrawal,4
A0041,2025,9,MobileLogin,17
A0041,2025,9,OnlinePayment,5
A0041,2025,9,InboundCall,0
A0041,2025,9,CaseResolution,0
A0041,2025,9,ATMWithdrawal,6
A0042,2025,8,MobileLogin,20
A0042,2025,8,OnlinePayment,7
A0042,2025,8,InboundCall,0
A0042,2025,8,CaseResolution,1
A0042,2025,8,ATMWithdrawal,5
A0043,2025,7,MobileLogin,34
A0043,2025,7,OnlinePayment,11
A0043,2025,7,InboundCall,2
A0043,2025,7,CaseResolution,0
A0043,2025,7,ATMWithdrawal,5
A0043,2025,8,MobileLogin,18
A0043,2025,8,OnlinePayment,14
A0043,2025,8,InboundCall,3
A0043,2025,8,CaseResolution,0
A0043,2025,8,ATMWithdrawal,5
A0043,2025,9,MobileLogin,26
A0043,2025,9,OnlinePayment,5
A0043,2025,9,InboundCall,1
A0043,2025,9,CaseResolution,0
A0043,2025,9,ATMWithdrawal,0
A0043,2025,10,MobileLogin,26
A0043,2025,10,OnlinePayment,7
A0043,2025,10,InboundCall,1
A0043,2025,10,CaseResolution,1
A0043,2025,10,ATMWithdrawal,3
A0044,2025,8,MobileLogin,15
A0044,2025,8,OnlinePayment,3
A0044,2025,8,InboundCall,0
A0044,2025,8,CaseResolution,0
A0044,2025,8,ATMWithdrawal,0
A0044,2025,9,MobileLogin,8
A0044,2025,9,OnlinePayment,1
A0044,2025,9,InboundCall,0
A0044,2025,9,CaseResolution,0
A0044,2025,9,ATMWithdrawal,0
A0044,2025,10,MobileLogin,15
A0044,2025,10,OnlinePayment,4
A0044,2025,10,InboundCall,0
A0044,2025,10,CaseResolution,0
A0044,2025,10,ATMWithdrawal,0
A0045,2025,9,MobileLogin,13
A0045,2025,9,OnlinePayment,4
A0045,2025,9,InboundCall,0
A0045,2025,9,CaseResolution,0
A0045,2025,9,ATMWithdrawal,0
A0045,2025,10,MobileLogin,12
A0045,2025,10,OnlinePayment,2
A0045,2025,10,InboundCall,0
A0045,2025,10,CaseResolution,1
A0045,2025,10,ATMWithdrawal,2
A0046,2025,8,MobileLogin,15
A0046,2025,8,OnlinePayment,9
A0046,2025,8,InboundCall,0
A0046,2025,8,CaseResolution,0
A0046,2025,8,ATMWithdrawal,0
A0046,2025,9,MobileLogin,10
A0046,2025,9,OnlinePayment,4
A0046,2025,9,InboundCall,1
A0046,2025,9,CaseResolution,0
A0046,2025,9,ATMWithdrawal,0
A0046,2025,10,MobileLogin,13
A0046,2025,10,OnlinePayment,6
A0046,2025,10,InboundCall,0
A0046,2025,10,CaseResolution,0
A0046,2025,10,ATMWithdrawal,0
A0047,2025,8,MobileLogin,15
A0047,2025,8,OnlinePayment,11
A0047,2025,8,InboundCall,0
A0047,2025,8,CaseResolution,0
A0047,2025,8,ATMWithdrawal,0
A0047,2025,9,MobileLogin,8
A0047,2025,9,OnlinePayment,12
A0047,2025,9,InboundCall,0
A0047,2025,9,CaseResolution,0
A0047,2025,9,ATMWithdrawal,0
A0047,2025,10,MobileLogin,22
A0047,2025,10,OnlinePayment,3
A0047,2025,10,InboundCall,1
A0047,2025,10,CaseResolution,0
A0047,2025,10,ATMWithdrawal,0
A0048,2025,8,MobileLogin,5
A0048,2025,8,OnlinePayment,0
A0048,2025,8,InboundCall,0
A0048,2025,8,CaseResolution,0
A0048,2025,8,ATMWithdrawal,0
A0048,2025,9,MobileLogin,5
A0048,2025,9,OnlinePayment,1
A0048,2025,9,InboundCall,2
A0048,2025,9,CaseResolution,0
A0048,2025,9,ATMWithdrawal,0
A0048,2025,10,MobileLogin,4
A0048,2025,10,OnlinePayment,0
A0048,2025,10,InboundCall,0
A0048,2025,10,CaseResolution,0
A0048,2025,10,ATMWithdrawal,0
A0049,2025,8,MobileLogin,11
A0049,2025,8,OnlinePayment,2
A0049,2025,8,InboundCall,0
A0049,2025,8,CaseResolution,0
A0049,2025,8,ATMWithdrawal,1
A0049,2025,9,MobileLogin,7
A0049,2025,9,OnlinePayment,0
A0049,2025,9,InboundCall,0
A0049,2025,9,CaseResolution,0
A0049,2025,9,ATMWithdrawal,0
A0049,2025,10,MobileLogin,13
A0049,2025,10,OnlinePayment,2
A0049,2025,10,InboundCall,0
A0049,2025,10,CaseResolution,0
A0049,2025,10,ATMWithdrawal,2
A0050,2025,9,MobileLogin,13
A0050,2025,9,OnlinePayment,8
A0050,2025,9,InboundCall,0
A0050,2025,9,CaseResolution,0
A0050,2025,9,ATMWithdrawal,0
A0050,2025,10,MobileLogin,20
A0050,2025,10,OnlinePayment,8
A0050,2025,10,InboundCall,0
A0050,2025,10,CaseResolution,0
A0050,2025,10,ATMWithdrawal,1
A0051,2025,7,MobileLogin,8
A0051,2025,7,OnlinePayment,2
A0051,2025,7,InboundCall,1
A0051,2025,7,CaseResolution,0
A0051,2025,7,ATMWithdrawal,1
A0051,2025,8,MobileLogin,8
A0051,2025,8,OnlinePayment,2
A0051,2025,8,InboundCall,0
A0051,2025,8,CaseResolution,0
A0051,2025,8,ATMWithdrawal,1
A0051,2025,9,MobileLogin,10
A0051,2025,9,OnlinePayment,6
A0051,2025,9,InboundCall,1
A0051,2025,9,CaseResolution,0
A0051,2025,9,ATMWithdrawal,1
A0051,2025,10,MobileLogin,4
A0051,2025,10,OnlinePayment,4
A0051,2025,10,InboundCall,0
A0051,2025,10,CaseResolution,0
A0051,2025,10,ATMWithdrawal,0
A0052,2025,8,MobileLogin,9
A0052,2025,8,OnlinePayment,0
A0052,2025,8,InboundCall,0
A0052,2025,8,CaseResolution,0
A0052,2025,8,ATMWithdrawal,1
A0052,2025,9,MobileLogin,13
A0052,2025,9,OnlinePayment,2
A0052,2025,9,InboundCall,0
A0052,2025,9,CaseResolution,0
A0052,2025,9,ATMWithdrawal,2
A0052,2025,10,MobileLogin,10
A0052,2025,10,OnlinePayment,3
A0052,2025,10,InboundCall,0
A0052,2025,10,CaseResolution,0
A0052,2025,10,ATMWithdrawal,2
A0053,2025,10,MobileLogin,23
A0053,2025,10,OnlinePayment,5
A0053,2025,10,InboundCall,0
A0053,2025,10,CaseResolution,0
A0053,2025,10,ATMWithdrawal,1
A0054,2025,9,MobileLogin,12
A0054,2025,9,OnlinePayment,3
A0054,2025,9,InboundCall,0
A0054,2025,9,CaseResolution,0
A0054,2025,9,ATMWithdrawal,2
A0055,2025,10,MobileLogin,10
A0055,2025,10,OnlinePayment,5
A0055,2025,10,InboundCall,0
A0055,2025,10,CaseResolution,0
A0055,2025,10,ATMWithdrawal,1
A0056,2025,8,MobileLogin,4
A0056,2025,8,OnlinePayment,0
A0056,2025,8,InboundCall,2
A0056,2025,8,CaseResolution,0
A0056,2025,8,ATMWithdrawal,0
A0056,2025,9,MobileLogin,4
A0056,2025,9,OnlinePayment,1
A0056,2025,9,InboundCall,1
A0056,2025,9,CaseResolution,1
A0056,2025,9,ATMWithdrawal,0
A0056,2025,10,MobileLogin,4
A0056,2025,10,OnlinePayment,2
A0056,2025,10,InboundCall,1
A0056,2025,10,CaseResolution,0
A0056,2025,10,ATMWithdrawal,0
A0057,2025,7,MobileLogin,6
A0057,2025,7,OnlinePayment,1
A0057,2025,7,InboundCall,0
A0057,2025,7,CaseResolution,0
A0057,2025,7,ATMWithdrawal,0
A0057,2025,8,MobileLogin,13
A0057,2025,8,OnlinePayment,3
A0057,2025,8,InboundCall,0
A0057,2025,8,CaseResolution,1
A0057,2025,8,ATMWithdrawal,2
A0057,2025,9,MobileLogin,8
A0057,2025,9,OnlinePayment,1
A0057,2025,9,InboundCall,0
A0057,2025,9,CaseResolution,0
A0057,2025,9,ATMWithdrawal,1
A0057,2025,10,MobileLogin,6
A0057,2025,10,OnlinePayment,2
A0057,2025,10,InboundCall,0
A0057,2025,10,CaseResolution,0
A0057,2025,10,ATMWithdrawal,1
A0058,2025,7,MobileLogin,14
A0058,2025,7,OnlinePayment,3
A0058,2025,7,InboundCall,0
A0058,2025,7,CaseResolution,0
A0058,2025,7,ATMWithdrawal,1
A0058,2025,8,MobileLogin,11
A0058,2025,8,OnlinePayment,1
A0058,2025,8,InboundCall,0
A0058,2025,8,CaseResolution,0
A0058,2025,8,ATMWithdrawal,1
A0058,2025,9,MobileLogin,2
A0058,2025,9,OnlinePayment,4
A0058,2025,9,InboundCall,0
A0058,2025,9,CaseResolution,0
A0058,2025,9,ATMWithdrawal,1
A0058,2025,10,MobileLogin,14
A0058,2025,10,OnlinePayment,3
A0058,2025,10,InboundCall,1
A0058,2025,10,CaseResolution,1
A0058,2025,10,ATMWithdrawal,2
A0059,2025,9,MobileLogin,10
A0059,2025,9,OnlinePayment,5
A0059,2025,9,InboundCall,0
A0059,2025,9,CaseResolution,0
A0059,2025,9,ATMWithdrawal,0
A0060,2025,9,MobileLogin,18
A0060,2025,9,OnlinePayment,11
A0060,2025,9,InboundCall,1
A0060,2025,9,CaseResolution,1
A0060,2025,9,ATMWithdrawal,0
A0060,2025,10,MobileLogin,20
A0060,2025,10,OnlinePayment,5
A0060,2025,10,InboundCall,0
A0060,2025,10,CaseResolution,0
A0060,2025,10,ATMWithdrawal,0
A0061,2025,10,MobileLogin,32
A0061,2025,10,OnlinePayment,32
A0061,2025,10,InboundCall,1
A0061,2025,10,CaseResolution,1
A0061,2025,10,ATMWithdrawal,1
A0062,2025,7,MobileLogin,15
A0062,2025,7,OnlinePayment,10
A0062,2025,7,InboundCall,0
A0062,2025,7,CaseResolution,0
A0062,2025,7,ATMWithdrawal,0
A0062,2025,8,MobileLogin,19
A0062,2025,8,OnlinePayment,7
A0062,2025,8,InboundCall,0
A0062,2025,8,CaseResolution,0
A0062,2025,8,ATMWithdrawal,0
A0063,2025,10,MobileLogin,8
A0063,2025,10,OnlinePayment,2
A0063,2025,10,InboundCall,1
A0063,2025,10,CaseResolution,0
A0063,2025,10,ATMWithdrawal,1
A0064,2025,10,MobileLogin,2
A0064,2025,10,OnlinePayment,2
A0064,2025,10,InboundCall,0
A0064,2025,10,CaseResolution,0
A0064,2025,10,ATMWithdrawal,0
A0065,2025,7,MobileLogin,31
A0065,2025,7,OnlinePayment,17
A0065,2025,7,InboundCall,1
A0065,2025,7,CaseResolution,0
A0065,2025,7,ATMWithdrawal,0
A0065,2025,8,MobileLogin,31
A0065,2025,8,OnlinePayment,15
A0065,2025,8,InboundCall,0
A0065,2025,8,CaseResolution,0
A0065,2025,8,ATMWithdrawal,0
A0065,2025,9,MobileLogin,20
A0065,2025,9,OnlinePayment,13
A0065,2025,9,InboundCall,0
A0065,2025,9,CaseResolution,1
A0065,2025,9,ATMWithdrawal,0
A0065,2025,10,MobileLogin,15
A0065,2025,10,OnlinePayment,19
A0065,2025,10,InboundCall,1
A0065,2025,10,CaseResolution,0
A0065,2025,10,ATMWithdrawal,0
A0066,2025,7,MobileLogin,11
A0066,2025,7,OnlinePayment,1
A0066,2025,7,InboundCall,0
A0066,2025,7,CaseResolution,0
A0066,2025,7,ATMWithdrawal,2
A0066,2025,8,MobileLogin,13
A0066,2025,8,OnlinePayment,1
A0066,2025,8,InboundCall,1
A0066,2025,8,CaseResolution,0
A0066,2025,8,ATMWithdrawal,2
A0066,2025,9,MobileLogin,8
A0066,2025,9,OnlinePayment,3
A0066,2025,9,InboundCall,0
A0066,2025,9,CaseResolution,0
A0066,2025,9,ATMWithdrawal,0
A0066,2025,10,MobileLogin,11
A0066,2025,10,OnlinePayment,0
A0066,2025,10,InboundCall,0
A0066,2025,10,CaseResolution,0
A0066,2025,10,ATMWithdrawal,3
A0067,2025,10,MobileLogin,12
A0067,2025,10,OnlinePayment,5
A0067,2025,10,InboundCall,1
A0067,2025,10,CaseResolution,1
A0067,2025,10,ATMWithdrawal,0
A0068,2025,10,MobileLogin,27
A0068,2025,10,OnlinePayment,21
A0068,2025,10,InboundCall,2
A0068,2025,10,CaseResolution,0
A0068,2025,10,ATMWithdrawal,0
A0069,2025,9,MobileLogin,20
A0069,2025,9,OnlinePayment,25
A0069,2025,9,InboundCall,1
A0069,2025,9,CaseResolution,1
A0069,2025,9,ATMWithdrawal,1
A0069,2025,10,MobileLogin,19
A0069,2025,10,OnlinePayment,18
A0069,2025,10,InboundCall,2
A0069,2025,10,CaseResolution,0
A0069,2025,10,ATMWithdrawal,0
A0070,2025,8,MobileLogin,1
A0070,2025,8,OnlinePayment,2
A0070,2025,8,InboundCall,3
A0070,2025,8,CaseResolution,0
A0070,2025,8,ATMWithdrawal,0
A0070,2025,9,MobileLogin,7
A0070,2025,9,OnlinePayment,1
A0070,2025,9,InboundCall,0
A0070,2025,9,CaseResolution,0
A0070,2025,9,ATMWithdrawal,0
A0070,2025,10,MobileLogin,7
A0070,2025,10,OnlinePayment,2
A0070,2025,10,InboundCall,3
A0070,2025,10,CaseResolution,0
A0070,2025,10,ATMWithdrawal,0
A0071,2025,9,MobileLogin,15
A0071,2025,9,OnlinePayment,5
A0071,2025,9,InboundCall,1
A0071,2025,9,CaseResolution,0
A0071,2025,9,ATMWithdrawal,0
A0071,2025,10,MobileLogin,13
A0071,2025,10,OnlinePayment,7
A0071,2025,10,InboundCall,0
A0071,2025,10,CaseResolution,0
A0071,2025,10,ATMWithdrawal,1
A0072,2025,7,MobileLogin,37
A0072,2025,7,OnlinePayment,9
A0072,2025,7,InboundCall,0
A0072,2025,7,CaseResolution,2
A0072,2025,7,ATMWithdrawal,6
A0072,2025,8,MobileLogin,15
A0072,2025,8,OnlinePayment,14
A0072,2025,8,InboundCall,0
A0072,2025,8,CaseResolution,0
A0072,2025,8,ATMWithdrawal,3
A0072,2025,9,MobileLogin,33
A0072,2025,9,OnlinePayment,8
A0072,2025,9,InboundCall,2
A0072,2025,9,CaseResolution,0
A0072,2025,9,ATMWithdrawal,3
A0072,2025,10,MobileLogin,27
A0072,2025,10,OnlinePayment,9
A0072,2025,10,InboundCall,3
A0072,2025,10,CaseResolution,0
A0072,2025,10,ATMWithdrawal,4
A0073,2025,9,MobileLogin,9
A0073,2025,9,OnlinePayment,1
A0073,2025,9,InboundCall,0
A0073,2025,9,CaseResolution,0
A0073,2025,9,ATMWithdrawal,1
A0074,2025,9,MobileLogin,22
A0074,2025,9,OnlinePayment,11
A0074,2025,9,InboundCall,0
A0074,2025,9,CaseResolution,0
A0074,2025,9,ATMWithdrawal,3
A0074,2025,10,MobileLogin,32
A0074,2025,10,OnlinePayment,8
A0074,2025,10,InboundCall,0
A0074,2025,10,CaseResolution,1
A0074,2025,10,ATMWithdrawal,6
A0075,2025,8,MobileLogin,7
A0075,2025,8,OnlinePayment,0
A0075,2025,8,InboundCall,2
A0075,2025,8,CaseResolution,0
A0075,2025,8,ATMWithdrawal,0
A0075,2025,9,MobileLogin,6
A0075,2025,9,OnlinePayment,3
A0075,2025,9,InboundCall,0
A0075,2025,9,CaseResolution,1
A0075,2025,9,ATMWithdrawal,0
A0076,2025,10,MobileLogin,10
A0076,2025,10,OnlinePayment,4
A0076,2025,10,InboundCall,0
A0076,2025,10,CaseResolution,0
A0076,2025,10,ATMWithdrawal,1
A0077,2025,8,MobileLogin,29
A0077,2025,8,OnlinePayment,18
A0077,2025,8,InboundCall,1
A0077,2025,8,CaseResolution,0
A0077,2025,8,ATMWithdrawal,0
A0077,2025,9,MobileLogin,27
A0077,2025,9,OnlinePayment,25
A0077,2025,9,InboundCall,0
A0077,2025,9,CaseResolution,0
A0077,2025,9,ATMWithdrawal,0
A0077,2025,10,MobileLogin,29
A0077,2025,10,OnlinePayment,27
A0077,2025,10,InboundCall,2
A0077,2025,10,CaseResolution,0
A0077,2025,10,ATMWithdrawal,0
A0078,2025,7,MobileLogin,16
A0078,2025,7,OnlinePayment,8
A0078,2025,7,InboundCall,0
A0078,2025,7,CaseResolution,0
A0078,2025,7,ATMWithdrawal,0
A0078,2025,8,MobileLogin,15
A0078,2025,8,OnlinePayment,2
A0078,2025,8,InboundCall,1
A0078,2025,8,CaseResolution,0
A0078,2025,8,ATMWithdrawal,0
A0078,2025,9,MobileLogin,17
A0078,2025,9,OnlinePayment,7
A0078,2025,9,InboundCall,1
A0078,2025,9,CaseResolution,0
A0078,2025,9,ATMWithdrawal,1
A0078,2025,10,MobileLogin,16
A0078,2025,10,OnlinePayment,4
A0078,2025,10,InboundCall,0
A0078,2025,10,CaseResolution,0
A0078,2025,10,ATMWithdrawal,1
A0079,2025,8,MobileLogin,5
A0079,2025,8,OnlinePayment,0
A0079,2025,8,InboundCall,0
A0079,2025,8,CaseResolution,0
A0079,2025,8,ATMWithdrawal,0
A0079,2025,9,MobileLogin,4
A0079,2025,9,OnlinePayment,0
A0079,2025,9,InboundCall,1
A0079,2025,9,CaseResolution,0
A0079,2025,9,ATMWithdrawal,0
A0080,2025,8,MobileLogin,2
A0080,2025,8,OnlinePayment,1
A0080,2025,8,InboundCall,0
A0080,2025,8,CaseResolution,0
A0080,2025,8,ATMWithdrawal,0
A0081,2025,8,MobileLogin,26
A0081,2025,8,OnlinePayment,36
A0081,2025,8,InboundCall,2
A0081,2025,8,CaseResolution,0
A0081,2025,8,ATMWithdrawal,0
A0081,2025,9,MobileLogin,40
A0081,2025,9,OnlinePayment,16
A0081,2025,9,InboundCall,1
A0081,2025,9,CaseResolution,0
A0081,2025,9,ATMWithdrawal,1
A0081,2025,10,MobileLogin,20
A0081,2025,10,OnlinePayment,13
A0081,2025,10,InboundCall,3
A0081,2025,10,CaseResolution,3
A0081,2025,10,ATMWithdrawal,0
A0082,2025,9,MobileLogin,7
A0082,2025,9,OnlinePayment,3
A0082,2025,9,InboundCall,1
A0082,2025,9,CaseResolution,0
A0082,2025,9,ATMWithdrawal,0
A0082,2025,10,MobileLogin,6
A0082,2025,10,OnlinePayment,4
A0082,2025,10,InboundCall,0
A0082,2025,10,CaseResolution,0
A0082,2025,10,ATMWithdrawal,0
A0083,2025,8,MobileLogin,8
A0083,2025,8,OnlinePayment,2
A0083,2025,8,InboundCall,1
A0083,2025,8,CaseResolution,2
A0083,2025,8,ATMWithdrawal,0
A0083,2025,9,MobileLogin,7
A0083,2025,9,OnlinePayment,2
A0083,2025,9,InboundCall,1
A0083,2025,9,CaseResolution,0
A0083,2025,9,ATMWithdrawal,0
A0083,2025,10,MobileLogin,7
A0083,2025,10,OnlinePayment,1
A0083,2025,10,InboundCall,0
A0083,2025,10,CaseResolution,0
A0083,2025,10,ATMWithdrawal,0
A0084,2025,10,MobileLogin,27
A0084,2025,10,OnlinePayment,9
A0084,2025,10,InboundCall,0
A0084,2025,10,CaseResolution,0
A0084,2025,10,ATMWithdrawal,0
A0085,2025,10,MobileLogin,16
A0085,2025,10,OnlinePayment,14
A0085,2025,10,InboundCall,2
A0085,2025,10,CaseResolution,0
A0085,2025,10,ATMWithdrawal,0
A0086,2025,10,MobileLogin,13
A0086,2025,10,OnlinePayment,5
A0086,2025,10,InboundCall,1
A0086,2025,10,CaseResolution,0
A0086,2025,10,ATMWithdrawal,5
A0087,2025,8,MobileLogin,30
A0087,2025,8,OnlinePayment,13
A0087,2025,8,InboundCall,1
A0087,2025,8,CaseResolution,0
A0087,2025,8,ATMWithdrawal,3
A0087,2025,9,MobileLogin,39
A0087,2025,9,OnlinePayment,10
A0087,2025,9,InboundCall,0
A0087,2025,9,CaseResolution,0
A0087,2025,9,ATMWithdrawal,3
A0087,2025,10,MobileLogin,25
A0087,2025,10,OnlinePayment,7
A0087,2025,10,InboundCall,2
A0087,2025,10,CaseResolution,0
A0087,2025,10,ATMWithdrawal,0
A0088,2025,8,MobileLogin,12
A0088,2025,8,OnlinePayment,4
A0088,2025,8,InboundCall,1
A0088,2025,8,CaseResolution,0
A0088,2025,8,ATMWithdrawal,2
A0088,2025,9,MobileLogin,22
A0088,2025,9,OnlinePayment,8
A0088,2025,9,InboundCall,1
A0088,2025,9,CaseResolution,0
A0088,2025,9,ATMWithdrawal,6
A0088,2025,10,MobileLogin,11
A0088,2025,10,OnlinePayment,6
A0088,2025,10,InboundCall,0
A0088,2025,10,CaseResolution,0
A0088,2025,10,ATMWithdrawal,3
A0089,2025,8,MobileLogin,24
A0089,2025,8,OnlinePayment,19
A0089,2025,8,InboundCall,2
A0089,2025,8,CaseResolution,0
A0089,2025,8,ATMWithdrawal,0
A0089,2025,9,MobileLogin,20
A0089,2025,9,OnlinePayment,9
A0089,2025,9,InboundCall,0
A0089,2025,9,CaseResolution,0
A0089,2025,9,ATMWithdrawal,0
A0089,2025,10,MobileLogin,23
A0089,2025,10,OnlinePayment,19
A0089,2025,10,InboundCall,0
A0089,2025,10,CaseResolution,1
A0089,2025,10,ATMWithdrawal,0
A0090,2025,10,MobileLogin,25
A0090,2025,10,OnlinePayment,6
A0090,2025,10,InboundCall,0
A0090,2025,10,CaseResolution,0
A0090,2025,10,ATMWithdrawal,4
A0091,2025,9,MobileLogin,10
A0091,2025,9,OnlinePayment,2
A0091,2025,9,InboundCall,0
A0091,2025,9,CaseResolution,0
A0091,2025,9,ATMWithdrawal,0
A0092,2025,9,MobileLogin,15
A0092,2025,9,OnlinePayment,3
A0092,2025,9,InboundCall,0
A0092,2025,9,CaseResolution,0
A0092,2025,9,ATMWithdrawal,2
A0092,2025,10,MobileLogin,5
A0092,2025,10,OnlinePayment,2
A0092,2025,10,InboundCall,0
A0092,2025,10,CaseResolution,0
A0092,2025,10,ATMWithdrawal,0
A0093,2025,9,MobileLogin,22
A0093,2025,9,OnlinePayment,11
A0093,2025,9,InboundCall,1
A0093,2025,9,CaseResolution,0
A0093,2025,9,ATMWithdrawal,2
A0093,2025,10,MobileLogin,16
A0093,2025,10,OnlinePayment,10
A0093,2025,10,InboundCall,0
A0093,2025,10,CaseResolution,1
A0093,2025,10,ATMWithdrawal,4
A0094,2025,9,MobileLogin,9
A0094,2025,9,OnlinePayment,4
A0094,2025,9,InboundCall,1
A0094,2025,9,CaseResolution,0
A0094,2025,9,ATMWithdrawal,2
A0094,2025,10,MobileLogin,10
A0094,2025,10,OnlinePayment,3
A0094,2025,10,InboundCall,0
A0094,2025,10,CaseResolution,0
A0094,2025,10,ATMWithdrawal,4
A0095,2025,7,MobileLogin,39
A0095,2025,7,OnlinePayment,24
A0095,2025,7,InboundCall,1
A0095,2025,7,CaseResolution,0
A0095,2025,7,ATMWithdrawal,1
A0095,2025,8,MobileLogin,38
A0095,2025,8,OnlinePayment,32
A0095,2025,8,InboundCall,0
A0095,2025,8,CaseResolution,0
A0095,2025,8,ATMWithdrawal,0
A0095,2025,9,MobileLogin,42
A0095,2025,9,OnlinePayment,19
A0095,2025,9,InboundCall,2
A0095,2025,9,CaseResolution,1
A0095,2025,9,ATMWithdrawal,0
A0095,2025,10,MobileLogin,27
A0095,2025,10,OnlinePayment,21
A0095,2025,10,InboundCall,0
A0095,2025,10,CaseResolution,1
A0095,2025,10,ATMWithdrawal,0
A0096,2025,9,MobileLogin,22
A0096,2025,9,OnlinePayment,11
A0096,2025,9,InboundCall,0
A0096,2025,9,CaseResolution,0
A0096,2025,9,ATMWithdrawal,0
A0096,2025,10,MobileLogin,16
A0096,2025,10,OnlinePayment,8
A0096,2025,10,InboundCall,0
A0096,2025,10,CaseResolution,0
A0096,2025,10,ATMWithdrawal,0
A0097,2025,9,MobileLogin,9
A0097,2025,9,OnlinePayment,5
A0097,2025,9,InboundCall,0
A0097,2025,9,CaseResolution,0
A0097,2025,9,ATMWithdrawal,0
A0097,2025,10,MobileLogin,11
A0097,2025,10,OnlinePayment,2
A0097,2025,10,InboundCall,1
A0097,2025,10,CaseResolution,0
A0097,2025,10,ATMWithdrawal,0
A0098,2025,9,MobileLogin,22
A0098,2025,9,OnlinePayment,9
A0098,2025,9,InboundCall,0
A0098,2025,9,CaseResolution,0
A0098,2025,9,ATMWithdrawal,0
A0098,2025,10,MobileLogin,30
A0098,2025,10,OnlinePayment,24
A0098,2025,10,InboundCall,1
A0098,2025,10,CaseResolution,0
A0098,2025,10,ATMWithdrawal,0
A0099,2025,8,MobileLogin,5
A0099,2025,8,OnlinePayment,2
A0099,2025,8,InboundCall,2
A0099,2025,8,CaseResolution,1
A0099,2025,8,ATMWithdrawal,0
A0099,2025,9,MobileLogin,8
A0099,2025,9,OnlinePayment,3
A0099,2025,9,InboundCall,1
A0099,2025,9,CaseResolution,0
A0099,2025,9,ATMWithdrawal,0
A0099,2025,10,MobileLogin,7
A0099,2025,10,OnlinePayment,2
A0099,2025,10,InboundCall,2
A0099,2025,10,CaseResolution,0
A0099,2025,10,ATMWithdrawal,0
A0100,2025,7,MobileLogin,11
A0100,2025,7,OnlinePayment,4
A0100,2025,7,InboundCall,0
A0100,2025,7,CaseResolution,1
A0100,2025,7,ATMWithdrawal,2
A0100,2025,8,MobileLogin,15
A0100,2025,8,OnlinePayment,4
A0100,2025,8,InboundCall,1
A0100,2025,8,CaseResolution,0
A0100,2025,8,ATMWithdrawal,0
A0100,2025,9,MobileLogin,11
A0100,2025,9,OnlinePayment,0
A0100,2025,9,InboundCall,2
A0100,2025,9,CaseResolution,0
A0100,2025,9,ATMWithdrawal,1
A0100,2025,10,MobileLogin,13
A0100,2025,10,OnlinePayment,2
A0100,2025,10,InboundCall,0
A0100,2025,10,CaseResolution,0
A0100,2025,10,ATMWithdrawal,1
A0101,2025,9,MobileLogin,20
A0101,2025,9,OnlinePayment,10
A0101,2025,9,InboundCall,0
A0101,2025,9,CaseResolution,0
A0101,2025,9,ATMWithdrawal,0
A0101,2025,10,MobileLogin,15
A0101,2025,10,OnlinePayment,5
A0101,2025,10,InboundCall,0
A0101,2025,10,CaseResolution,0
A0101,2025,10,ATMWithdrawal,0
A0102,2025,7,MobileLogin,36
A0102,2025,7,OnlinePayment,30
A0102,2025,7,InboundCall,1
A0102,2025,7,CaseResolution,0
A0102,2025,7,ATMWithdrawal,0
A0102,2025,8,MobileLogin,29
A0102,2025,8,OnlinePayment,21
A0102,2025,8,InboundCall,3
A0102,2025,8,CaseResolution,1
A0102,2025,8,ATMWithdrawal,0
A0102,2025,9,MobileLogin,28
A0102,2025,9,OnlinePayment,20
A0102,2025,9,InboundCall,1
A0102,2025,9,CaseResolution,0
A0102,2025,9,ATMWithdrawal,1
A0102,2025,10,MobileLogin,40
A0102,2025,10,OnlinePayment,21
A0102,2025,10,InboundCall,1
A0102,2025,10,CaseResolution,0
A0102,2025,10,ATMWithdrawal,0
A0103,2025,7,MobileLogin,21
A0103,2025,7,OnlinePayment,24
A0103,2025,7,InboundCall,1
A0103,2025,7,CaseResolution,1
A0103,2025,7,ATMWithdrawal,1
A0104,2025,9,MobileLogin,2
A0104,2025,9,OnlinePayment,1
A0104,2025,9,InboundCall,1
A0104,2025,9,CaseResolution,0
A0104,2025,9,ATMWithdrawal,0
A0105,2025,9,MobileLogin,17
A0105,2025,9,OnlinePayment,11
A0105,2025,9,InboundCall,0
A0105,2025,9,CaseResolution,0
A0105,2025,9,ATMWithdrawal,3
A0105,2025,10,MobileLogin,9
A0105,2025,10,OnlinePayment,6
A0105,2025,10,InboundCall,0
A0105,2025,10,CaseResolution,0
A0105,2025,10,ATMWithdrawal,6
A0106,2025,7,MobileLogin,12
A0106,2025,7,OnlinePayment,5
A0106,2025,7,InboundCall,0
A0106,2025,7,CaseResolution,0
A0106,2025,7,ATMWithdrawal,0
A0106,2025,8,MobileLogin,7
A0106,2025,8,OnlinePayment,9
A0106,2025,8,InboundCall,0
A0106,2025,8,CaseResolution,0
A0106,2025,8,ATMWithdrawal,0
A0106,2025,9,MobileLogin,18
A0106,2025,9,OnlinePayment,3
A0106,2025,9,InboundCall,2
A0106,2025,9,CaseResolution,0
A0106,2025,9,ATMWithdrawal,0
A0106,2025,10,MobileLogin,13
A0106,2025,10,OnlinePayment,5
A0106,2025,10,InboundCall,0
A0106,2025,10,CaseResolution,0
A0106,2025,10,ATMWithdrawal,0
A0107,2025,8,MobileLogin,12
A0107,2025,8,OnlinePayment,5
A0107,2025,8,InboundCall,1
A0107,2025,8,CaseResolution,0
A0107,2025,8,ATMWithdrawal,0
A0108,2025,9,MobileLogin,17
A0108,2025,9,OnlinePayment,8
A0108,2025,9,InboundCall,1
A0108,2025,9,CaseResolution,0
A0108,2025,9,ATMWithdrawal,4
A0108,2025,10,MobileLogin,22
A0108,2025,10,OnlinePayment,4
A0108,2025,10,InboundCall,0
A0108,2025,10,CaseResolution,0
A0108,2025,10,ATMWithdrawal,2
A0109,2025,10,MobileLogin,11
A0109,2025,10,OnlinePayment,5
A0109,2025,10,InboundCall,0
A0109,2025,10,CaseResolution,1
A0109,2025,10,ATMWithdrawal,0
A0110,2025,9,MobileLogin,14
A0110,2025,9,OnlinePayment,7
A0110,2025,9,InboundCall,0
A0110,2025,9,CaseResolution,0
A0110,2025,9,ATMWithdrawal,4
A0111,2025,7,MobileLogin,36
A0111,2025,7,OnlinePayment,22
A0111,2025,7,InboundCall,0
A0111,2025,7,CaseResolution,0
A0111,2025,7,ATMWithdrawal,0
A0111,2025,8,MobileLogin,21
A0111,2025,8,OnlinePayment,10
A0111,2025,8,InboundCall,0
A0111,2025,8,CaseResolution,0
A0111,2025,8,ATMWithdrawal,0
A0111,2025,9,MobileLogin,24
A0111,2025,9,OnlinePayment,14
A0111,2025,9,InboundCall,0
A0111,2025,9,CaseResolution,1
A0111,2025,9,ATMWithdrawal,0
A0111,2025,10,MobileLogin,26
A0111,2025,10,OnlinePayment,15
A0111,2025,10,InboundCall,1
A0111,2025,10,CaseResolution,0
A0111,2025,10,ATMWithdrawal,0
A0112,2025,7,MobileLogin,13
A0112,2025,7,OnlinePayment,2
A0112,2025,7,InboundCall,0
A0112,2025,7,CaseResolution,0
A0112,2025,7,ATMWithdrawal,0
A0112,2025,8,MobileLogin,11
A0112,2025,8,OnlinePayment,5
A0112,2025,8,InboundCall,0
A0112,2025,8,CaseResolution,0
A0112,2025,8,ATMWithdrawal,0
A0112,2025,9,MobileLogin,15
A0112,2025,9,OnlinePayment,3
A0112,2025,9,InboundCall,1
A0112,2025,9,CaseResolution,0
A0112,2025,9,ATMWithdrawal,0
A0112,2025,10,MobileLogin,14
A0112,2025,10,OnlinePayment,2
A0112,2025,10,InboundCall,1
A0112,2025,10,CaseResolution,0
A0112,2025,10,ATMWithdrawal,0
A0113,2025,10,MobileLogin,25
A0113,2025,10,OnlinePayment,4
A0113,2025,10,InboundCall,0
A0113,2025,10,CaseResolution,0
A0113,2025,10,ATMWithdrawal,4
A0114,2025,10,MobileLogin,14
A0114,2025,10,OnlinePayment,14
A0114,2025,10,InboundCall,1
A0114,2025,10,CaseResolution,0
A0114,2025,10,ATMWithdrawal,1
A0115,2025,7,MobileLogin,4
A0115,2025,7,OnlinePayment,1
A0115,2025,7,InboundCall,2
A0115,2025,7,CaseResolution,0
A0115,2025,7,ATMWithdrawal,0
A0115,2025,8,MobileLogin,4
A0115,2025,8,OnlinePayment,1
A0115,2025,8,InboundCall,0
A0115,2025,8,CaseResolution,0
A0115,2025,8,ATMWithdrawal,0
A0116,2025,8,MobileLogin,33
A0116,2025,8,OnlinePayment,15
A0116,2025,8,InboundCall,0
A0116,2025,8,CaseResolution,1
A0116,2025,8,ATMWithdrawal,3
A0117,2025,10,MobileLogin,7
A0117,2025,10,OnlinePayment,1
A0117,2025,10,InboundCall,0
A0117,2025,10,CaseResolution,0
A0117,2025,10,ATMWithdrawal,0
A0118,2025,9,MobileLogin,15
A0118,2025,9,OnlinePayment,7
A0118,2025,9,InboundCall,1
A0118,2025,9,CaseResolution,0
A0118,2025,9,ATMWithdrawal,1
A0118,2025,10,MobileLogin,21
A0118,2025,10,OnlinePayment,6
A0118,2025,10,InboundCall,0
A0118,2025,10,CaseResolution,0
A0118,2025,10,ATMWithdrawal,1
A0119,2025,10,MobileLogin,30
A0119,2025,10,OnlinePayment,22
A0119,2025,10,InboundCall,0
A0119,2025,10,CaseResolution,0
A0119,2025,10,ATMWithdrawal,1
A0120,2025,8,MobileLogin,10
A0120,2025,8,OnlinePayment,1
A0120,2025,8,InboundCall,0
A0120,2025,8,CaseResolution,0
A0120,2025,8,ATMWithdrawal,1
A0120,2025,9,MobileLogin,8
A0120,2025,9,OnlinePayment,1
A0120,2025,9,InboundCall,0
A0120,2025,9,CaseResolution,0
A0120,2025,9,ATMWithdrawal,2
A0120,2025,10,MobileLogin,14
A0120,2025,10,OnlinePayment,2
A0120,2025,10,InboundCall,0
A0120,2025,10,CaseResolution,0
A0120,2025,10,ATMWithdrawal,0
A0121,2025,8,MobileLogin,17
A0121,2025,8,OnlinePayment,2
A0121,2025,8,InboundCall,0
A0121,2025,8,CaseResolution,0
A0121,2025,8,ATMWithdrawal,1
A0121,2025,9,MobileLogin,12
A0121,2025,9,OnlinePayment,2
A0121,2025,9,InboundCall,0
A0121,2025,9,CaseResolution,0
A0121,2025,9,ATMWithdrawal,0
A0121,2025,10,MobileLogin,8
A0121,2025,10,OnlinePayment,2
A0121,2025,10,InboundCall,0
A0121,2025,10,CaseResolution,0
A0121,2025,10,ATMWithdrawal,0
A0122,2025,8,MobileLogin,8
A0122,2025,8,OnlinePayment,0
A0122,2025,8,InboundCall,0
A0122,2025,8,CaseResolution,0
A0122,2025,8,ATMWithdrawal,0
A0122,2025,9,MobileLogin,5
A0122,2025,9,OnlinePayment,2
A0122,2025,9,InboundCall,1
A0122,2025,9,CaseResolution,1
A0122,2025,9,ATMWithdrawal,0
A0122,2025,10,MobileLogin,7
A0122,2025,10,OnlinePayment,1
A0122,2025,10,InboundCall,1
A0122,2025,10,CaseResolution,0
A0122,2025,10,ATMWithdrawal,0
A0123,2025,10,MobileLogin,17
A0123,2025,10,OnlinePayment,3
A0123,2025,10,InboundCall,0
A0123,2025,10,CaseResolution,0
A0123,2025,10,ATMWithdrawal,0
A0124,2025,9,MobileLogin,10
A0124,2025,9,OnlinePayment,2
A0124,2025,9,InboundCall,0
A0124,2025,9,CaseResolution,0
A0124,2025,9,ATMWithdrawal,0
A0124,2025,10,MobileLogin,11
A0124,2025,10,OnlinePayment,2
A0124,2025,10,InboundCall,0
A0124,2025,10,CaseResolution,0
A0124,2025,10,ATMWithdrawal,2
A0125,2025,9,MobileLogin,14
A0125,2025,9,OnlinePayment,12
A0125,2025,9,InboundCall,0
A0125,2025,9,CaseResolution,0
A0125,2025,9,ATMWithdrawal,0
A0125,2025,10,MobileLogin,25
A0125,2025,10,OnlinePayment,3
A0125,2025,10,InboundCall,0
A0125,2025,10,CaseResolution,0
A0125,2025,10,ATMWithdrawal,0
A0126,2025,10,MobileLogin,12
A0126,2025,10,OnlinePayment,3
A0126,2025,10,InboundCall,0
A0126,2025,10,CaseResolution,0
A0126,2025,10,ATMWithdrawal,0
A0127,2025,7,MobileLogin,29
A0127,2025,7,OnlinePayment,21
A0127,2025,7,InboundCall,2
A0127,2025,7,CaseResolution,0
A0127,2025,7,ATMWithdrawal,0
A0128,2025,8,MobileLogin,34
A0128,2025,8,OnlinePayment,7
A0128,2025,8,InboundCall,1
A0128,2025,8,CaseResolution,0
A0128,2025,8,ATMWithdrawal,5
A0128,2025,9,MobileLogin,27
A0128,2025,9,OnlinePayment,10
A0128,2025,9,InboundCall,0
A0128,2025,9,CaseResolution,0
A0128,2025,9,ATMWithdrawal,6
A0128,2025,10,MobileLogin,19
A0128,2025,10,OnlinePayment,13
A0128,2025,10,InboundCall,0
A0128,2025,10,CaseResolution,0
A0128,2025,10,ATMWithdrawal,5
A0129,2025,10,MobileLogin,20
A0129,2025,10,OnlinePayment,22
A0129,2025,10,InboundCall,0
A0129,2025,10,CaseResolution,0
A0129,2025,10,ATMWithdrawal,0
A0130,2025,7,MobileLogin,15
A0130,2025,7,OnlinePayment,3
A0130,2025,7,InboundCall,1
A0130,2025,7,CaseResolution,0
A0130,2025,7,ATMWithdrawal,0
A0130,2025,8,MobileLogin,11
A0130,2025,8,OnlinePayment,4
A0130,2025,8,InboundCall,1
A0130,2025,8,CaseResolution,0
A0130,2025,8,ATMWithdrawal,2
A0130,2025,9,MobileLogin,8
A0130,2025,9,OnlinePayment,2
A0130,2025,9,InboundCall,3
A0130,2025,9,CaseResolution,0
A0130,2025,9,ATMWithdrawal,2
A0130,2025,10,MobileLogin,22
A0130,2025,10,OnlinePayment,2
A0130,2025,10,InboundCall,0
A0130,2025,10,CaseResolution,0
A0130,2025,10,ATMWithdrawal,2
A0131,2025,8,MobileLogin,26
A0131,2025,8,OnlinePayment,6
A0131,2025,8,InboundCall,0
A0131,2025,8,CaseResolution,0
A0131,2025,8,ATMWithdrawal,2
A0131,2025,9,MobileLogin,21
A0131,2025,9,OnlinePayment,9
A0131,2025,9,InboundCall,0
A0131,2025,9,CaseResolution,0
A0131,2025,9,ATMWithdrawal,1
A0131,2025,10,MobileLogin,22
A0131,2025,10,OnlinePayment,13
A0131,2025,10,InboundCall,0
A0131,2025,10,CaseResolution,0
A0131,2025,10,ATMWithdrawal,1
A0132,2025,9,MobileLogin,10
A0132,2025,9,OnlinePayment,2
A0132,2025,9,InboundCall,1
A0132,2025,9,CaseResolution,0
A0132,2025,9,ATMWithdrawal,2
A0132,2025,10,MobileLogin,13
A0132,2025,10,OnlinePayment,6
A0132,2025,10,InboundCall,0
A0132,2025,10,CaseResolution,0
A0132,2025,10,ATMWithdrawal,2
A0133,2025,8,MobileLogin,12
A0133,2025,8,OnlinePayment,4
A0133,2025,8,InboundCall,1
A0133,2025,8,CaseResolution,0
A0133,2025,8,ATMWithdrawal,0
A0133,2025,9,MobileLogin,13
A0133,2025,9,OnlinePayment,7
A0133,2025,9,InboundCall,1
A0133,2025,9,CaseResolution,0
A0133,2025,9,ATMWithdrawal,0
A0133,2025,10,MobileLogin,15
A0133,2025,10,OnlinePayment,6
A0133,2025,10,InboundCall,1
A0133,2025,10,CaseResolution,0
A0133,2025,10,ATMWithdrawal,0
A0134,2025,10,MobileLogin,23
A0134,2025,10,OnlinePayment,1
A0134,2025,10,InboundCall,0
A0134,2025,10,CaseResolution,0
A0134,2025,10,ATMWithdrawal,3
A0135,2025,7,MobileLogin,11
A0135,2025,7,OnlinePayment,3
A0135,2025,7,InboundCall,0
A0135,2025,7,CaseResolution,0
A0135,2025,7,ATMWithdrawal,0
A0135,2025,8,MobileLogin,10
A0135,2025,8,OnlinePayment,5
A0135,2025,8,InboundCall,0
A0135,2025,8,CaseResolution,0
A0135,2025,8,ATMWithdrawal,0
A0135,2025,9,MobileLogin,20
A0135,2025,9,OnlinePayment,10
A0135,2025,9,InboundCall,0
A0135,2025,9,CaseResolution,0
A0135,2025,9,ATMWithdrawal,0
A0135,2025,10,MobileLogin,9
A0135,2025,10,OnlinePayment,6
A0135,2025,10,InboundCall,0
A0135,2025,10,CaseResolution,0
A0135,2025,10,ATMWithdrawal,0
A0136,2025,9,MobileLogin,25
A0136,2025,9,OnlinePayment,16
A0136,2025,9,InboundCall,1
A0136,2025,9,CaseResolution,0
A0136,2025,9,ATMWithdrawal,1
A0136,2025,10,MobileLogin,29
A0136,2025,10,OnlinePayment,14
A0136,2025,10,InboundCall,1
A0136,2025,10,CaseResolution,0
A0136,2025,10,ATMWithdrawal,0
A0137,2025,9,MobileLogin,20
A0137,2025,9,OnlinePayment,7
A0137,2025,9,InboundCall,1
A0137,2025,9,CaseResolution,0
A0137,2025,9,ATMWithdrawal,0
A0137,2025,10,MobileLogin,16
A0137,2025,10,OnlinePayment,5
A0137,2025,10,InboundCall,0
A0137,2025,10,CaseResolution,0
A0137,2025,10,ATMWithdrawal,0
A0138,2025,10,MobileLogin,6
A0138,2025,10,OnlinePayment,2
A0138,2025,10,InboundCall,0
A0138,2025,10,CaseResolution,0
A0138,2025,10,ATMWithdrawal,2
A0139,2025,8,MobileLogin,25
A0139,2025,8,OnlinePayment,18
A0139,2025,8,InboundCall,0
A0139,2025,8,CaseResolution,0
A0139,2025,8,ATMWithdrawal,0
A0139,2025,9,MobileLogin,27
A0139,2025,9,OnlinePayment,18
A0139,2025,9,InboundCall,1
A0139,2025,9,CaseResolution,0
A0139,2025,9,ATMWithdrawal,0
A0139,2025,10,MobileLogin,20
A0139,2025,10,OnlinePayment,20
A0139,2025,10,InboundCall,1
A0139,2025,10,CaseResolution,0
A0139,2025,10,ATMWithdrawal,0
A0140,2025,7,MobileLogin,10
A0140,2025,7,OnlinePayment,2
A0140,2025,7,InboundCall,0
A0140,2025,7,CaseResolution,0
A0140,2025,7,ATMWithdrawal,0
A0140,2025,8,MobileLogin,4
A0140,2025,8,OnlinePayment,0
A0140,2025,8,InboundCall,2
A0140,2025,8,CaseResolution,0
A0140,2025,8,ATMWithdrawal,0
A0140,2025,9,MobileLogin,7
A0140,2025,9,OnlinePayment,1
A0140,2025,9,InboundCall,3
A0140,2025,9,CaseResolution,3
A0140,2025,9,ATMWithdrawal,0
A0140,2025,10,MobileLogin,8
A0140,2025,10,OnlinePayment,2
A0140,2025,10,InboundCall,0
A0140,2025,10,CaseResolution,1
A0140,2025,10,ATMWithdrawal,0
A0141,2025,10,MobileLogin,28
A0141,2025,10,OnlinePayment,9
A0141,2025,10,InboundCall,1
A0141,2025,10,CaseResolution,0
A0141,2025,10,ATMWithdrawal,4
A0142,2025,9,MobileLogin,7
A0142,2025,9,OnlinePayment,0
A0142,2025,9,InboundCall,2
A0142,2025,9,CaseResolution,1
A0142,2025,9,ATMWithdrawal,0
A0143,2025,10,MobileLogin,8
A0143,2025,10,OnlinePayment,0
A0143,2025,10,InboundCall,1
A0143,2025,10,CaseResolution,1
A0143,2025,10,ATMWithdrawal,0
A0144,2025,9,MobileLogin,0
A0144,2025,9,OnlinePayment,2
A0144,2025,9,InboundCall,1
A0144,2025,9,CaseResolution,1
A0144,2025,9,ATMWithdrawal,0
A0145,2025,10,MobileLogin,10
A0145,2025,10,OnlinePayment,2
A0145,2025,10,InboundCall,1
A0145,2025,10,CaseResolution,0
A0145,2025,10,ATMWithdrawal,0
A0146,2025,9,MobileLogin,28
A0146,2025,9,OnlinePayment,28
A0146,2025,9,InboundCall,0
A0146,2025,9,CaseResolution,0
A0146,2025,9,ATMWithdrawal,0
A0146,2025,10,MobileLogin,30
A0146,2025,10,OnlinePayment,21
A0146,2025,10,InboundCall,1
A0146,2025,10,CaseResolution,0
A0146,2025,10,ATMWithdrawal,0
A0147,2025,7,MobileLogin,29
A0147,2025,7,OnlinePayment,19
A0147,2025,7,InboundCall,0
A0147,2025,7,CaseResolution,0
A0147,2025,7,ATMWithdrawal,1
A0147,2025,8,MobileLogin,16
A0147,2025,8,OnlinePayment,19
A0147,2025,8,InboundCall,0
A0147,2025,8,CaseResolution,0
A0147,2025,8,ATMWithdrawal,0
A0147,2025,9,MobileLogin,40
A0147,2025,9,OnlinePayment,14
A0147,2025,9,InboundCall,1
A0147,2025,9,CaseResolution,0
A0147,2025,9,ATMWithdrawal,0
A0147,2025,10,MobileLogin,37
A0147,2025,10,OnlinePayment,16
A0147,2025,10,InboundCall,0
A0147,2025,10,CaseResolution,0
A0147,2025,10,ATMWithdrawal,0
A0148,2025,9,MobileLogin,10
A0148,2025,9,OnlinePayment,9
A0148,2025,9,InboundCall,0
A0148,2025,9,CaseResolution,0
A0148,2025,9,ATMWithdrawal,0
A0148,2025,10,MobileLogin,9
A0148,2025,10,OnlinePayment,5
A0148,2025,10,InboundCall,0
A0148,2025,10,CaseResolution,0
A0148,2025,10,ATMWithdrawal,0
A0149,2025,9,MobileLogin,25
A0149,2025,9,OnlinePayment,8
A0149,2025,9,InboundCall,0
A0149,2025,9,CaseResolution,0
A0149,2025,9,ATMWithdrawal,4
A0149,2025,10,MobileLogin,26
A0149,2025,10,OnlinePayment,12
A0149,2025,10,InboundCall,0
A0149,2025,10,CaseResolution,0
A0149,2025,10,ATMWithdrawal,5
A0150,2025,7,MobileLogin,22
A0150,2025,7,OnlinePayment,12
A0150,2025,7,InboundCall,0
A0150,2025,7,CaseResolution,0
A0150,2025,7,ATMWithdrawal,0
A0150,2025,8,MobileLogin,16
A0150,2025,8,OnlinePayment,21
A0150,2025,8,InboundCall,0
A0150,2025,8,CaseResolution,0
A0150,2025,8,ATMWithdrawal,0
A0150,2025,9,MobileLogin,26
A0150,2025,9,OnlinePayment,17
A0150,2025,9,InboundCall,0
A0150,2025,9,CaseResolution,0
A0150,2025,9,ATMWithdrawal,0
A0150,2025,10,MobileLogin,23
A0150,2025,10,OnlinePayment,15
A0150,2025,10,InboundCall,0
A0150,2025,10,CaseResolution,0
A0150,2025,10,ATMWithdrawal,0
A0151,2025,8,MobileLogin,28
A0151,2025,8,OnlinePayment,16
A0151,2025,8,InboundCall,3
A0151,2025,8,CaseResolution,0
A0151,2025,8,ATMWithdrawal,1
A0151,2025,9,MobileLogin,34
A0151,2025,9,OnlinePayment,19
A0151,2025,9,InboundCall,2
A0151,2025,9,CaseResolution,0
A0151,2025,9,ATMWithdrawal,0
A0151,2025,10,MobileLogin,24
A0151,2025,10,OnlinePayment,17
A0151,2025,10,InboundCall,1
A0151,2025,10,CaseResolution,0
A0151,2025,10,ATMWithdrawal,0
A0152,2025,8,MobileLogin,23
A0152,2025,8,OnlinePayment,6
A0152,2025,8,InboundCall,0
A0152,2025,8,CaseResolution,1
A0152,2025,8,ATMWithdrawal,1
A0152,2025,9,MobileLogin,15
A0152,2025,9,OnlinePayment,6
A0152,2025,9,InboundCall,1
A0152,2025,9,CaseResolution,0
A0152,2025,9,ATMWithdrawal,2
A0152,2025,10,MobileLogin,15
A0152,2025,10,OnlinePayment,7
A0152,2025,10,InboundCall,1
A0152,2025,10,CaseResolution,0
A0152,2025,10,ATMWithdrawal,3
A0153,2025,8,MobileLogin,4
A0153,2025,8,OnlinePayment,1
A0153,2025,8,InboundCall,0
A0153,2025,8,CaseResolution,1
A0153,2025,8,ATMWithdrawal,0
A0153,2025,9,MobileLogin,11
A0153,2025,9,OnlinePayment,0
A0153,2025,9,InboundCall,2
A0153,2025,9,CaseResolution,0
A0153,2025,9,ATMWithdrawal,0
A0153,2025,10,MobileLogin,9
A0153,2025,10,OnlinePayment,1
A0153,2025,10,InboundCall,1
A0153,2025,10,CaseResolution,0
A0153,2025,10,ATMWithdrawal,0
A0154,2025,9,MobileLogin,17
A0154,2025,9,OnlinePayment,6
A0154,2025,9,InboundCall,0
A0154,2025,9,CaseResolution,0
A0154,2025,9,ATMWithdrawal,3
A0155,2025,8,MobileLogin,3
A0155,2025,8,OnlinePayment,1
A0155,2025,8,InboundCall,0
A0155,2025,8,CaseResolution,0
A0155,2025,8,ATMWithdrawal,0
A0155,2025,9,MobileLogin,4
A0155,2025,9,OnlinePayment,0
A0155,2025,9,InboundCall,2
A0155,2025,9,CaseResolution,0
A0155,2025,9,ATMWithdrawal,0
A0155,2025,10,MobileLogin,9
A0155,2025,10,OnlinePayment,1
A0155,2025,10,InboundCall,1
A0155,2025,10,CaseResolution,0
A0155,2025,10,ATMWithdrawal,0
A0156,2025,10,MobileLogin,31
A0156,2025,10,OnlinePayment,25
A0156,2025,10,InboundCall,1
A0156,2025,10,CaseResolution,0
A0156,2025,10,ATMWithdrawal,0
A0157,2025,8,MobileLogin,13
A0157,2025,8,OnlinePayment,8
A0157,2025,8,InboundCall,1
A0157,2025,8,CaseResolution,0
A0157,2025,8,ATMWithdrawal,1
A0157,2025,9,MobileLogin,17
A0157,2025,9,OnlinePayment,5
A0157,2025,9,InboundCall,0
A0157,2025,9,CaseResolution,0
A0157,2025,9,ATMWithdrawal,0
A0158,2025,9,MobileLogin,15
A0158,2025,9,OnlinePayment,17
A0158,2025,9,InboundCall,3
A0158,2025,9,CaseResolution,0
A0158,2025,9,ATMWithdrawal,0
A0158,2025,10,MobileLogin,23
A0158,2025,10,OnlinePayment,16
A0158,2025,10,InboundCall,1
A0158,2025,10,CaseResolution,0
A0158,2025,10,ATMWithdrawal,0
A0159,2025,8,MobileLogin,19
A0159,2025,8,OnlinePayment,18
A0159,2025,8,InboundCall,1
A0159,2025,8,CaseResolution,0
A0159,2025,8,ATMWithdrawal,0
A0159,2025,9,MobileLogin,24
A0159,2025,9,OnlinePayment,12
A0159,2025,9,InboundCall,0
A0159,2025,9,CaseResolution,1
A0159,2025,9,ATMWithdrawal,1
A0159,2025,10,MobileLogin,23
A0159,2025,10,OnlinePayment,11
A0159,2025,10,InboundCall,1
A0159,2025,10,CaseResolution,0
A0159,2025,10,ATMWithdrawal,0
A0160,2025,7,MobileLogin,18
A0160,2025,7,OnlinePayment,3
A0160,2025,7,InboundCall,1
A0160,2025,7,CaseResolution,1
A0160,2025,7,ATMWithdrawal,0
A0160,2025,8,MobileLogin,18
A0160,2025,8,OnlinePayment,6
A0160,2025,8,InboundCall,1
A0160,2025,8,CaseResolution,0
A0160,2025,8,ATMWithdrawal,0
A0160,2025,9,MobileLogin,11
A0160,2025,9,OnlinePayment,5
A0160,2025,9,InboundCall,1
A0160,2025,9,CaseResolution,0
A0160,2025,9,ATMWithdrawal,0
A0160,2025,10,MobileLogin,14
A0160,2025,10,OnlinePayment,6
A0160,2025,10,InboundCall,0
A0160,2025,10,CaseResolution,0
A0160,2025,10,ATMWithdrawal,0
